Patient ID,Patient Name,StudyInstanceUID,SeriesInstanceUID,SOPInstanceUID,Label,AnnotationType,X (mm),Y (mm),Z (mm)
8775070,Austrialian,1.2.826.0.1.3680043.2.1125.1.73379483469717886505187028001198162,1.2.826.0.1.3680043.2.1125.1.65375240934815452318141136507497058,1.2.826.0.1.3680043.2.1125.1.37632631807208575119641952452523306,F1,Cornerstone:FiducialMarker,102.40,99.20,69.00
8775070,Austrialian,1.2.826.0.1.3680043.2.1125.1.73379483469717886505187028001198162,1.2.826.0.1.3680043.2.1125.1.65375240934815452318141136507497058,1.2.826.0.1.3680043.2.1125.1.37632631807208575119641952452523306,F2,Cornerstone:FiducialMarker,76.31,56.31,69.00